label	x	y	z
LPA	-0.9325	-0.0000	-0.3612
NAS	-0.0000	0.9325	-0.3612
RPA	0.9325	0.0000	-0.3612
ceegrid_L01	-0.9303	0.3023	-0.2079
ceegrid_L02	-0.9871	0.1563	-0.0349
ceegrid_L03	-0.9871	-0.1563	-0.0349
ceegrid_L04	-0.9303	-0.3023	-0.2079
ceegrid_L04a	-0.8940	-0.3078	-0.3256
ceegrid_L04b	-0.8569	-0.2951	-0.4226
ceegrid_L05	-0.8065	-0.2621	-0.5299
ceegrid_L06	-0.7340	-0.1163	-0.6691
ceegrid_L07	-0.7340	0.1163	-0.6691
ceegrid_L08	-0.8065	0.2621	-0.5299
ceegrid_R01	0.9303	0.3023	-0.2079
ceegrid_R02	0.9871	0.1563	-0.0349
ceegrid_R03	0.9871	-0.1563	-0.0349
ceegrid_R04	0.9303	-0.3023	-0.2079
ceegrid_R04a	0.8940	-0.3078	-0.3256
ceegrid_R04b	0.8569	-0.2951	-0.4226
ceegrid_R05	0.8065	-0.2621	-0.5299
ceegrid_R06	0.7340	-0.1163	-0.6691
ceegrid_R07	0.7340	0.1163	-0.6691
ceegrid_R08	0.8065	0.2621	-0.5299
